,First Name,Last Name,Sex
0,Shelby,Terrell,Male
1,Phillip,Summers,Female
2,Kristine,Travis,Male
3,Yesenia,Martinez,Male
4,Lori,Todd,Male
5,Erin,Day,Male
6,Katherine,Buck,Female
7,Ricardo,Hinton,Male
8,Dave,Farrell,Male
9,Isaiah,Downs,Male
10,Sheila,Ross,Female
11,Stacy,Newton,Male
12,Mandy,Blake,Male
13,Bridget,Nash,Female
14,Crystal,Farmer,Male
15,Thomas,Knight,Female
16,Maurice,Rangel,Male
17,Frank,Meadows,Male
18,Alvin,Paul,Male
19,Jared,Mitchell,Female
20,Jacqueline,Norton,Female
21,Colleen,Hatfield,Female
22,Randy,Barnes,Male
23,Janice,Rhodes,Female
24,Alfred,Mcneil,Female
25,Sean,Levine,Male
26,Louis,Payne,Male
27,Brittney,Vega,Female
28,Judy,Buckley,Male
29,Norman,Weber,Male
30,Isaiah,Camacho,Female
31,Jacqueline,Gallagher,Male
32,Bonnie,Andrews,Female
33,Brandon,Schmidt,Female
34,Jackson,Sparks,Female
35,Melody,Cook,Male
36,Leonard,Hurst,Male
37,Gene,Rich,Female
38,Cynthia,Wiggins,Female
39,Tanya,Mckinney,Female
40,Matthew,Stone,Female
41,Kirk,Walsh,Female
42,Willie,Vang,Female
43,Miguel,Hill,Female
44,Darren,Andrews,Male
45,Haley,Pugh,Female
46,Danielle,Estrada,Female
47,Becky,Brady,Male
48,Caitlyn,Frey,Male
49,Joshua,Sweeney,Male
50,Heidi,Escobar,Female
51,Brian,Oconnell,Female
52,Beverly,Esparza,Female
53,Nathaniel,Rivas,Female
54,Debra,Payne,Female
55,Mackenzie,Rocha,Female
56,Courtney,Watkins,Female
57,Fred,Olsen,Female
58,Ryan,Nelson,Female
59,Grace,Phelps,Male
60,Shari,Daugherty,Male
61,Kelli,Garner,Male
62,Jackie,Bennett,Male
63,Leslie,Conway,Female
64,Harold,Barnett,Female
65,Larry,Harper,Male
66,Mike,Ward,Female
67,Brittney,Rubio,Female
68,Frank,Pineda,Male
69,Sandra,Wu,Male
70,Ryan,Benton,Male
71,Tamara,Hull,Male
72,Jean,Ritter,Female
73,Veronica,Briggs,Female
74,Kim,Andrews,Female
75,Tina,Cunningham,Male
76,Jonathon,Atkinson,Male
77,Jermaine,Reid,Female
78,Regina,Stevens,Male
79,Terrence,Huff,Male
80,Tyler,Foley,Female
81,Andrew,Waters,Male
82,Reginald,Stephenson,Male
83,Douglas,Reese,Female
84,Helen,Williamson,Female
85,Mario,Vaughn,Male
86,Chelsea,Dickson,Male
87,Dustin,Bailey,Male
88,Harry,Medina,Female
89,Kathy,Haney,Female
90,Alison,Nixon,Female
91,Jamie,Hardy,Female
92,Melody,Cox,Female
93,Xavier,Cole,Male
94,Dillon,Guzman,Female
95,Dennis,Barnes,Female
96,Steve,Patterson,Female
97,Wesley,Bray,Male
98,Summer,Oconnell,Female
99,Mariah,Bernard,Male
