First Name,Last Name,Sex
Shelby,Terrell,Male
Phillip,Summers,Female
Kristine,Travis,Male
Yesenia,Martinez,Male
Lori,Todd,Male
Erin,Day,Male
Katherine,Buck,Female
Ricardo,Hinton,Male
Dave,Farrell,Male
Isaiah,Downs,Male
Sheila,Ross,Female
Stacy,Newton,Male
Mandy,Blake,Male
Bridget,Nash,Female
Crystal,Farmer,Male
Thomas,Knight,Female
Maurice,Rangel,Male
Frank,Meadows,Male
Alvin,Paul,Male
Jared,Mitchell,Female
Jacqueline,Norton,Female
Colleen,Hatfield,Female
Randy,Barnes,Male
Janice,Rhodes,Female
Alfred,Mcneil,Female
Sean,Levine,Male
Louis,Payne,Male
Brittney,Vega,Female
Judy,Buckley,Male
Norman,Weber,Male
Isaiah,Camacho,Female
Jacqueline,Gallagher,Male
Bonnie,Andrews,Female
Brandon,Schmidt,Female
Jackson,Sparks,Female
Melody,Cook,Male
Leonard,Hurst,Male
Gene,Rich,Female
Cynthia,Wiggins,Female
Tanya,Mckinney,Female
Matthew,Stone,Female
Kirk,Walsh,Female
Willie,Vang,Female
Miguel,Hill,Female
Darren,Andrews,Male
Haley,Pugh,Female
Danielle,Estrada,Female
Becky,Brady,Male
Caitlyn,Frey,Male
Joshua,Sweeney,Male
Heidi,Escobar,Female
Brian,Oconnell,Female
Beverly,Esparza,Female
Nathaniel,Rivas,Female
Debra,Payne,Female
Mackenzie,Rocha,Female
Courtney,Watkins,Female
Fred,Olsen,Female
Ryan,Nelson,Female
Grace,Phelps,Male
Shari,Daugherty,Male
Kelli,Garner,Male
Jackie,Bennett,Male
Leslie,Conway,Female
Harold,Barnett,Female
Larry,Harper,Male
Mike,Ward,Female
Brittney,Rubio,Female
Frank,Pineda,Male
Sandra,Wu,Male
Ryan,Benton,Male
Tamara,Hull,Male
Jean,Ritter,Female
Veronica,Briggs,Female
Kim,Andrews,Female
Tina,Cunningham,Male
Jonathon,Atkinson,Male
Jermaine,Reid,Female
Regina,Stevens,Male
Terrence,Huff,Male
Tyler,Foley,Female
Andrew,Waters,Male
Reginald,Stephenson,Male
Douglas,Reese,Female
Helen,Williamson,Female
Mario,Vaughn,Male
Chelsea,Dickson,Male
Dustin,Bailey,Male
Harry,Medina,Female
Kathy,Haney,Female
Alison,Nixon,Female
Jamie,Hardy,Female
Melody,Cox,Female
Xavier,Cole,Male
Dillon,Guzman,Female
Dennis,Barnes,Female
Steve,Patterson,Female
Wesley,Bray,Male
Summer,Oconnell,Female
Mariah,Bernard,Male
